{"cameraMode":{"drawMode":0,"name":"Shaded","section":"Shading Mode"},"sceneLighting":true,"audioPlay":false,"sceneViewState":{"showFog":true,"showMaterialUpdate":true,"showSkybox":true,"showFlares":true,"showImageEffects":true,"showParticleSystems":true},"in2DMode":false,"pivot":{"x":1.737787127494812,"y":5.638461589813232,"z":9.791972160339356},"rotation":{"x":-0.0928511694073677,"y":-0.01941809244453907,"z":-0.0017969399923458696,"w":0.9955063462257385},"size":10.0,"orthographic":false}